{
    "values": [
        38.327455282211304,
        35.6298246383667,
        35.913275957107544,
        33.36461615562439,
        36.2134051322937,
        40.143351793289185,
        42.41360116004944,
        38.114962339401245,
        40.612022161483765,
        44.82097911834717
    ],
    "average": 38.55534937381744
}