{
    "values": [
        31.152873039245605,
        49.03827738761902,
        33.53148031234741,
        49.37132167816162,
        44.561936140060425,
        40.066561698913574,
        33.36896228790283,
        37.36146855354309,
        35.89533591270447,
        35.71250343322754
    ],
    "average": 39.00607204437256
}