{
    "values": [
        38.11406993865967,
        39.97582268714905,
        42.18705773353577,
        33.58725357055664,
        37.96774959564209,
        46.8065505027771,
        40.394845724105835,
        40.62531924247742
    ],
    "average": 39.957333624362946
}