{
    "values": [
        38.48490929603577,
        27.316317319869995,
        45.486598253250122,
        43.125181913375854,
        40.762917280197144,
        42.8879656791687,
        38.4206600189209,
        41.017685413360596,
        38.50892090797424,
        40.628228425979614
    ],
    "average": 39.26393845081329
}