{
    "values": [
        33.44997954368591,
        35.79807186126709,
        33.94126296043396,
        36.16672444343567,
        37.970614433288574,
        35.69766187667847,
        51.92255640029907,
        37.9357488155365,
        51.18554949760437,
        35.67063784599304
    ],
    "average": 38.973880767822266
}