{
    "values": [
        11.510130643844604,
        13.521100997924805,
        13.498685598373413,
        11.358095169067383,
        13.51926064491272,
        13.622950077056885,
        13.600853204727173,
        13.597202062606812,
        13.497311115264893,
        13.512170791625977
    ],
    "average": 13.123776030540466
}