{
    "values": [
        9.191086292266846,
        9.195088624954224,
        9.04518985748291,
        9.067870616912842,
        9.086202144622803,
        9.046720743179321,
        9.083978414535522,
        9.100043773651123,
        9.024373292922974,
        9.253983497619629
    ],
    "average": 9.10945372581482
}