{
    "values": [
        9.367118120193481,
        9.261184692382812,
        9.032065868377686,
        9.06231951713562,
        9.068676471710205,
        9.067467451095581,
        9.103381872177124,
        9.080014944076538,
        9.06827998161316,
        9.09105110168457
    ],
    "average": 9.120156002044677
}