{
    "values": [
        9.120957374572754,
        9.002344369888306,
        9.041757345199585,
        9.060067653656006,
        9.15434217453003,
        9.09160041809082,
        9.099380016326904,
        9.202759742736816,
        9.048220157623291,
        9.072023630142212
    ],
    "average": 9.089345288276672
}