{
    "values": [
        33.52065992355347,
        35.754212379455566,
        31.31290602684021,
        31.142088890075684,
        33.385552644729614,
        35.71606254577637,
        33.47199368476868,
        35.8855926990509,
        35.81085824966431,
        31.484544277191162
    ],
    "average": 33.7484471321106
}